"id";"scientific_branch";"mark";"description";"active";"created_at";"updated_at";"scientific_field_id"
3;"General";"00";"";1;"2015-08-12 20:16:28";"2015-08-12 20:16:28";79
4;"Mathematics in general";"00";"";1;"2015-08-12 20:16:28";"2015-08-13 17:50:26";4
5;"Algebra";"01";"";1;"2015-08-12 20:16:28";"2015-08-12 20:16:28";4
6;"Geometry and topology";"02";"";1;"2015-08-12 20:16:28";"2015-08-12 20:16:28";4
7;"Discrete and combinatorial mathematics";"03";"";1;"2015-08-12 20:16:28";"2015-08-12 20:16:28";4
8;"Mathematical analysis";"04";"";1;"2015-08-12 20:16:28";"2015-08-12 20:16:28";4
9;"Mathematical logic and computing";"05";"";1;"2015-08-12 20:16:28";"2015-08-13 17:51:11";4
10;"Numerical mathematics";"06";"";1;"2015-08-12 20:16:28";"2015-08-12 20:16:28";4
11;"Applied mathematics and mathematical modeling";"07";"";1;"2015-08-12 20:16:28";"2015-08-12 20:16:28";4
12;"Probability theory and statistics";"08";"";1;"2015-08-12 20:16:29";"2015-08-12 20:16:29";4
13;"Financial and business mathematics";"09";"";1;"2015-08-12 20:16:29";"2015-08-12 20:16:29";4
14;"Other mathematical disciplines";"10";"";1;"2015-08-12 20:16:29";"2015-08-12 20:16:29";4
15;"Physics in general";"00";"";1;"2015-08-12 20:16:29";"2015-08-13 17:52:08";5
16;"General and classical physics";"01";"";1;"2015-08-12 20:16:29";"2015-08-12 20:16:29";5
17;"Physics of elementary particles and fields";"02";"";1;"2015-08-12 20:16:29";"2015-08-12 20:16:29";5
18;"Nuclear physics";"03";"";1;"2015-08-12 20:16:29";"2015-08-12 20:16:29";5
19;"Atomic and molecular physics";"04";"";1;"2015-08-12 20:16:29";"2015-08-12 20:16:29";5
20;"Physics of condensed matter";"05";"";1;"2015-08-12 20:16:29";"2015-08-12 20:16:29";5
21;"Astronomy and astrophysics";"06";"";1;"2015-08-12 20:16:29";"2015-08-12 20:16:29";5
22;"Biophysics and medical physics";"07";"";1;"2015-08-12 20:16:29";"2015-08-12 20:16:29";5
23;"Geology in general";"00";"";1;"2015-08-12 20:16:29";"2015-08-13 17:53:09";6
24;"Geology and paleontology";"01";"";1;"2015-08-12 20:16:29";"2015-08-12 20:16:29";6
25;"Mineralogy and petrology";"02";"";1;"2015-08-12 20:16:29";"2015-08-12 20:16:29";6
26;"Chemistry in general";"00";"";1;"2015-08-12 20:16:29";"2015-08-13 17:53:57";7
27;"Physical chemistry";"01";"";1;"2015-08-12 20:16:29";"2015-08-12 20:16:29";7
28;"Theoretical chemistry";"02";"";1;"2015-08-12 20:16:30";"2015-08-12 20:16:30";7
29;"Analytical chemistry";"03";"";1;"2015-08-12 20:16:30";"2015-08-12 20:16:30";7
30;"Inorganic chemistry";"04";"";1;"2015-08-12 20:16:30";"2015-08-12 20:16:30";7
31;"Organic chemistry";"05";"";1;"2015-08-12 20:16:30";"2015-08-12 20:16:30";7
32;"Biochemistry and medical chemistry";"06";"";1;"2015-08-12 20:16:30";"2015-08-12 20:16:30";7
33;"Applied chemistry";"07";"";1;"2015-08-12 20:16:30";"2015-08-12 20:16:30";7
34;"Biology in general";"00";"";1;"2015-08-12 20:16:30";"2015-08-13 17:54:54";8
35;"Biochemistry and molecular biology";"01";"";1;"2015-08-12 20:16:30";"2015-08-12 20:16:30";8
36;"Botany";"02";"";1;"2015-08-12 20:16:30";"2015-08-12 20:16:30";8
37;"Microbiology";"03";"";1;"2015-08-12 20:16:30";"2015-08-12 20:16:30";8
38;"Zoology";"04";"";1;"2015-08-12 20:16:30";"2015-08-12 20:16:30";8
39;"Ecology";"05";"";1;"2015-08-12 20:16:30";"2015-08-12 20:16:30";8
40;"Genetics, evolution and phylogeny";"06";"";1;"2015-08-12 20:16:30";"2015-08-12 20:16:30";8
41;"General biology";"07";"";1;"2015-08-12 20:16:30";"2015-08-12 20:16:30";8
42;"Geophysics in general";"00";"";1;"2015-08-12 20:16:30";"2015-08-13 18:00:11";9
43;"Meteorology with climatology";"01";"";1;"2015-08-12 20:16:30";"2015-08-12 20:16:30";9
44;"Physical oceanography";"02";"";1;"2015-08-12 20:16:31";"2015-08-12 20:16:31";9
45;"Seismology and physics of the Earth's interior";"03";"";1;"2015-08-12 20:16:31";"2015-08-12 20:16:31";9
46;"Other geophysical disciplines";"04";"";1;"2015-08-12 20:16:31";"2015-08-12 20:16:31";9
52;"Architecture and urban planning in general";"00";"";1;"2015-08-12 20:16:31";"2015-08-13 18:03:07";11
53;"Architectural design";"01";"";1;"2015-08-12 20:16:31";"2015-08-12 20:16:31";11
54;"Urban and spatial planning";"02";"";1;"2015-08-12 20:16:31";"2015-08-12 20:16:31";11
55;"Architectural constructions, building physics, materials and construction technology";"03";"";1;"2015-08-12 20:16:31";"2015-08-12 20:16:31";11
56;"History and theory of architecture and preservation of architectural heritage";"04";"";1;"2015-08-12 20:16:31";"2015-08-12 20:16:31";11
57;"Landscape architecture";"05";"";1;"2015-08-12 20:16:31";"2015-08-12 20:16:31";11
58;"Naval architecture in general";"00";"";1;"2015-08-12 20:16:31";"2015-08-13 18:06:05";12
60;"Hydrodynamics of vessel and offshore facilities";"02";"";1;"2015-08-12 20:16:31";"2015-08-13 18:06:45";12
61;"Foundation of vessel and offshore facilities";"03";"";1;"2015-08-12 20:16:31";"2015-08-12 20:16:31";12
62;"Technology of construction and maintenance of vessel and offshore facilities";"04";"";1;"2015-08-12 20:16:31";"2015-08-12 20:16:31";12
63;"Electrical engineering in general";"00";"";1;"2015-08-12 20:16:31";"2015-08-13 18:31:53";13
64;"Elektroenergetics (power engineering)";"01";"";1;"2015-08-12 20:16:32";"2015-08-13 18:32:15";13
65;"Electromechanical engeneering";"02";"";1;"2015-08-12 20:16:32";"2015-08-12 20:16:32";13
66;"Electronics";"03";"";1;"2015-08-12 20:16:32";"2015-08-12 20:16:32";13
67;"Telecommunications and informatics";"04";"";1;"2015-08-12 20:16:32";"2015-08-12 20:16:32";13
68;"Radiocommunications";"05";"";1;"2015-08-12 20:16:32";"2015-08-12 20:16:32";13
69;"Automation and robotics";"06";"";1;"2015-08-12 20:16:32";"2015-08-12 20:16:32";13
70;"Geodesy in general";"00";"";1;"2015-08-12 20:16:32";"2015-08-13 18:33:11";14
71;"Cartography";"01";"";1;"2015-08-12 20:16:32";"2015-08-12 20:16:32";14
72;"Photogrammetry and remote research";"02";"";1;"2015-08-12 20:16:32";"2015-08-12 20:16:32";14
73;"Maritime, satellite and physical geodesy";"03";"";1;"2015-08-12 20:16:32";"2015-08-12 20:16:32";14
74;"Applied Geodesy";"04";"";1;"2015-08-12 20:16:32";"2015-08-12 20:16:32";14
75;"Geomatics";"05";"";1;"2015-08-12 20:16:32";"2015-08-12 20:16:32";14
76;"Civil engineering in general";"00";"";1;"2015-08-12 20:16:32";"2015-08-13 18:34:02";15
77;"Geotechnics";"01";"";1;"2015-08-12 20:16:32";"2015-08-12 20:16:32";15
78;"Supporting structures";"02";"";1;"2015-08-12 20:16:32";"2015-08-12 20:16:32";15
79;"Hydrotechnics";"03";"";1;"2015-08-12 20:16:32";"2015-08-12 20:16:32";15
80;"Roads";"04";"";1;"2015-08-12 20:16:32";"2015-08-12 20:16:32";15
81;"Construction technology and organization";"05";"";1;"2015-08-12 20:16:33";"2015-08-12 20:16:33";15
82;"Graphic technology in general";"00";"";1;"2015-08-12 20:16:33";"2015-08-13 18:35:10";16
83;"Processes of graphic reproduction";"01";"";1;"2015-08-12 20:16:33";"2015-08-12 20:16:33";16
84;"Chemical engineering in general";"00";"";1;"2015-08-12 20:16:33";"2015-08-13 18:36:27";17
85;"Reaction engineering";"01";"";1;"2015-08-12 20:16:33";"2015-08-12 20:16:33";17
86;"Mechanical, thermal and separation processes";"02";"";1;"2015-08-12 20:16:33";"2015-08-12 20:16:33";17
87;"Analysis, synthesis and management of chemical processes";"03";"";1;"2015-08-12 20:16:33";"2015-08-12 20:16:33";17
88;"Chemical engineering in materials development";"04";"";1;"2015-08-12 20:16:33";"2015-08-12 20:16:33";17
89;"Environmental protection in chemical engineering";"05";"";1;"2015-08-12 20:16:33";"2015-08-12 20:16:33";17
90;"Metallurgy in general";"00";"";1;"2015-08-12 20:16:33";"2015-08-13 18:37:32";18
91;"Process metallurgy";"01";"";1;"2015-08-12 20:16:33";"2015-08-12 20:16:33";18
92;"Mechanical metallurgy";"02";"";1;"2015-08-12 20:16:33";"2015-08-12 20:16:33";18
93;"Physical metallurgy";"03";"";1;"2015-08-12 20:16:33";"2015-08-12 20:16:33";18
94;"Computing in general";"00";"";1;"2015-08-12 20:16:34";"2015-08-13 18:38:16";19
95;"Computer system architecture";"01";"";1;"2015-08-12 20:16:34";"2015-08-12 20:16:34";19
96;"Information systems";"02";"";1;"2015-08-12 20:16:34";"2015-08-12 20:16:34";19
97;"Information processing";"03";"";1;"2015-08-12 20:16:34";"2015-08-12 20:16:34";19
98;"Artificial intelligence";"04";"";1;"2015-08-12 20:16:34";"2015-08-12 20:16:34";19
99;"Process computing";"05";"";1;"2015-08-12 20:16:34";"2015-08-12 20:16:34";19
100;"Software engineering";"06";"";1;"2015-08-12 20:16:34";"2015-08-12 20:16:34";19
101;"Mining, petroleum and geological engineering in general";"00";"";1;"2015-08-12 20:16:34";"2015-08-13 18:39:29";20
102;"Mining";"01";"";1;"2015-08-12 20:16:34";"2015-08-12 20:16:34";20
103;"Petroleum engineering";"02";"";1;"2015-08-12 20:16:34";"2015-08-12 20:16:34";20
104;"Geological engineering";"03";"";1;"2015-08-12 20:16:34";"2015-08-12 20:16:34";20
105;"Mechanical engineering in general";"00";"";1;"2015-08-12 20:16:34";"2015-08-13 18:41:48";21
106;"General mechanical engineering (constructions)";"01";"";1;"2015-08-12 20:16:34";"2015-08-13 18:42:04";21
107;"Process and power mechanical engineering";"02";"";1;"2015-08-12 20:16:34";"2015-08-12 20:16:34";21
108;"Production mechanical engineering";"03";"";1;"2015-08-12 20:16:34";"2015-08-12 20:16:34";21
109;"Marine mechanical engineering";"04";"";1;"2015-08-12 20:16:34";"2015-08-12 20:16:34";21
110;"Precision mechanical engineering";"05";"";1;"2015-08-12 20:16:35";"2015-08-12 20:16:35";21
111;"Traffic and transport technology in general";"00";"";1;"2015-08-12 20:16:35";"2015-08-13 18:43:58";22
112;"Road and rail traffic";"01";"";1;"2015-08-12 20:16:35";"2015-08-12 20:16:35";22
113;"Maritime and river traffic";"02";"";1;"2015-08-12 20:16:35";"2015-08-12 20:16:35";22
114;"Postal and telecommunications traffic";"03";"";1;"2015-08-12 20:16:35";"2015-08-12 20:16:35";22
115;"Air traffic";"04";"";1;"2015-08-12 20:16:35";"2015-08-12 20:16:35";22
116;"Intelligent transport systems and logistics";"05";"";1;"2015-08-12 20:16:35";"2015-08-12 20:16:35";22
117;"Textile technology in general";"00";"";1;"2015-08-12 20:16:35";"2015-08-13 18:44:58";23
118;"Textile mechanical engineering";"01";"";1;"2015-08-12 20:16:35";"2015-08-12 20:16:35";23
119;"Textile chemistry";"02";"";1;"2015-08-12 20:16:35";"2015-08-12 20:16:35";23
120;"Clothing technology";"03";"";1;"2015-08-12 20:16:35";"2015-08-12 20:16:35";23
121;"Textile and clothing design";"04";"";1;"2015-08-12 20:16:35";"2015-08-12 20:16:35";23
122;"General";"00";"";1;"2015-08-12 20:16:35";"2015-08-12 20:16:35";24
123;"Design and establishment of aircrafts";"01";"";1;"2015-08-12 20:16:35";"2015-08-12 20:16:35";24
124;"Aircraft technology and maintenance";"02";"";1;"2015-08-12 20:16:35";"2015-08-12 20:16:35";24
125;"Aircraft direction and management";"03";"";1;"2015-08-12 20:16:35";"2015-08-12 20:16:35";24
126;"Fundamental technical sciences in general";"00";"";1;"2015-08-12 20:16:35";"2015-08-13 18:46:25";25
127;"Automation";"01";"";1;"2015-08-12 20:16:35";"2015-08-12 20:16:35";25
128;"Energetics";"02";"";1;"2015-08-12 20:16:35";"2015-08-12 20:16:35";25
129;"Materials";"03";"";1;"2015-08-12 20:16:35";"2015-08-12 20:16:35";25
130;"Fluid mechanics";"04";"";1;"2015-08-12 20:16:36";"2015-08-12 20:16:36";25
131;"Organization of work and production";"05";"";1;"2015-08-12 20:16:36";"2015-08-12 20:16:36";25
132;"Technical mechanics (mechanics of rigid and deformable bodies)";"06";"";1;"2015-08-12 20:16:36";"2015-08-12 20:16:36";25
133;"Thermodynamics";"07";"";1;"2015-08-12 20:16:36";"2015-08-12 20:16:36";25
137;"Fundamental medical sciences in general";"00";"";1;"2015-08-12 20:16:36";"2015-08-13 18:49:06";27
138;"Anatomy";"01";"";1;"2015-08-12 20:16:36";"2015-08-12 20:16:36";27
139;"Cytology, histology and embryology";"02";"";1;"2015-08-12 20:16:36";"2015-08-12 20:16:36";27
140;"Pharmacology";"03";"";1;"2015-08-12 20:16:36";"2015-08-12 20:16:36";27
141;"Human physiology";"04";"";1;"2015-08-12 20:16:36";"2015-08-12 20:16:36";27
142;"Genetics, genomics and proteomics of man";"05";"";1;"2015-08-12 20:16:36";"2015-08-12 20:16:36";27
143;"Immunology";"06";"";1;"2015-08-12 20:16:36";"2015-08-12 20:16:36";27
144;"History of medicine and biomedical sciences";"07";"";1;"2015-08-12 20:16:36";"2015-08-12 20:16:36";27
145;"Neuroscience";"08";"";1;"2015-08-12 20:16:36";"2015-08-12 20:16:36";27
146;"Clinical medical sciences in general";"00";"";1;"2015-08-12 20:16:36";"2015-08-13 18:50:29";28
147;"Anesthesiology and reanimatology";"01";"";1;"2015-08-12 20:16:36";"2015-08-12 20:16:36";28
148;"Dermatovenerology";"02";"";1;"2015-08-12 20:16:36";"2015-08-12 20:16:36";28
149;"Physical medicine and rehabilitation";"03";"";1;"2015-08-12 20:16:36";"2015-08-12 20:16:36";28
150;"Geriatrics";"04";"";1;"2015-08-12 20:16:37";"2015-08-12 20:16:37";28
151;"Gynecology and obstetrics";"05";"";1;"2015-08-12 20:16:37";"2015-08-12 20:16:37";28
152;"Emergency medicine";"06";"";1;"2015-08-12 20:16:37";"2015-08-12 20:16:37";28
153;"Infectology";"07";"";1;"2015-08-12 20:16:37";"2015-08-12 20:16:37";28
154;"Intensive medicine";"08";"";1;"2015-08-12 20:16:37";"2015-08-12 20:16:37";28
155;"Internal medicine";"09";"";1;"2015-08-12 20:16:37";"2015-08-12 20:16:37";28
156;"Surgery";"10";"";1;"2015-08-12 20:16:37";"2015-08-12 20:16:37";28
157;"Clinical biochemistry";"11";"";1;"2015-08-12 20:16:37";"2015-08-12 20:16:37";28
158;"Clinical cytology";"12";"";1;"2015-08-12 20:16:37";"2015-08-12 20:16:37";28
159;"Clinical pharmacology with toxicology";"13";"";1;"2015-08-12 20:16:37";"2015-08-12 20:16:37";28
160;"Clinical immunology";"14";"";1;"2015-08-12 20:16:37";"2015-08-12 20:16:37";28
161;"Medical ethics";"15";"";1;"2015-08-12 20:16:37";"2015-08-12 20:16:37";28
162;"Medical microbiology";"16";"";1;"2015-08-12 20:16:37";"2015-08-12 20:16:37";28
163;"Nuclear medicine";"17";"";1;"2015-08-12 20:16:37";"2015-08-12 20:16:37";28
164;"Ophthalmology";"18";"";1;"2015-08-12 20:16:38";"2015-08-12 20:16:38";28
165;"Oncology";"19";"";1;"2015-08-12 20:16:38";"2015-08-12 20:16:38";28
166;"Orthopedics";"20";"";1;"2015-08-12 20:16:38";"2015-08-12 20:16:38";28
167;"Otorhinolaryngology";"21";"";1;"2015-08-12 20:16:38";"2015-08-12 20:16:38";28
168;"Pathophysiology";"22";"";1;"2015-08-12 20:16:38";"2015-08-12 20:16:38";28
169;"Pathology";"23";"";1;"2015-08-12 20:16:38";"2015-08-12 20:16:38";28
170;"Pediatrics";"24";"";1;"2015-08-12 20:16:38";"2015-08-12 20:16:38";28
171;"Radiology";"25";"";1;"2015-08-12 20:16:38";"2015-08-12 20:16:38";28
172;"Radiotherapy and oncology";"26";"";1;"2015-08-12 20:16:38";"2015-08-12 20:16:38";28
173;"Forensic medicine";"27";"";1;"2015-08-12 20:16:38";"2015-08-12 20:16:38";28
174;"Urology";"28";"";1;"2015-08-12 20:16:38";"2015-08-12 20:16:38";28
175;"Psychiatry";"29";"";1;"2015-08-12 20:16:38";"2015-08-12 20:16:38";28
176;"Neurology";"30";"";1;"2015-08-12 20:16:38";"2015-08-12 20:16:38";28
177;"Nursing";"31";"";1;"2015-08-12 20:16:38";"2015-08-12 20:16:38";28
178;"Public health and health care in general";"00";"";1;"2015-08-12 20:16:39";"2015-08-13 18:52:53";29
179;"Epidemiology";"01";"";1;"2015-08-12 20:16:39";"2015-08-12 20:16:39";29
180;"Public health";"02";"";1;"2015-08-12 20:16:39";"2015-08-12 20:16:39";29
181;"Occupational and sports medicine";"03";"";1;"2015-08-12 20:16:39";"2015-08-12 20:16:39";29
182;"Family medicine";"04";"";1;"2015-08-12 20:16:39";"2015-08-12 20:16:39";29
183;"Social medicine";"05";"";1;"2015-08-12 20:16:39";"2015-08-12 20:16:39";29
184;"Health ecology";"06";"";1;"2015-08-12 20:16:39";"2015-08-12 20:16:39";29
185;"Veterinary medicine in general";"00";"";1;"2015-08-12 20:16:39";"2015-08-13 18:54:11";30
186;"Fundamental and preclinical veterinary science";"01";"";1;"2015-08-12 20:16:39";"2015-08-12 20:16:39";30
187;"Veterinary clinical sciences";"02";"";1;"2015-08-12 20:16:39";"2015-08-12 20:16:39";30
188;"Veterinary public health and food safety";"03";"";1;"2015-08-12 20:16:39";"2015-08-12 20:16:39";30
189;"Animal production and biotechnology";"04";"";1;"2015-08-12 20:16:39";"2015-08-12 20:16:39";30
190;"Dental medicine in general";"00";"";1;"2015-08-12 20:16:39";"2015-08-13 18:54:57";31
191;"Child and preventive dental medicine";"01";"";1;"2015-08-12 20:16:39";"2015-08-12 20:16:39";31
192;"Endodontics and restorative dental medicine";"02";"";1;"2015-08-12 20:16:39";"2015-08-12 20:16:39";31
193;"Morphology of the dental system";"03";"";1;"2015-08-12 20:16:40";"2015-08-12 20:16:40";31
194;"Oral surgery";"04";"";1;"2015-08-12 20:16:40";"2015-08-12 20:16:40";31
195;"Oral medicine";"05";"";1;"2015-08-12 20:16:40";"2015-08-13 18:55:33";31
196;"Orthodontics";"06";"";1;"2015-08-12 20:16:40";"2015-08-12 20:16:40";31
197;"Periodontology";"07";"";1;"2015-08-12 20:16:40";"2015-08-12 20:16:40";31
198;"Prosthodontics in Dental Medicine";"08";"";1;"2015-08-12 20:16:40";"2015-08-12 20:16:40";31
199;"Pharmacy in general";"00";"";1;"2015-08-12 20:16:40";"2015-08-13 18:56:13";32
200;"Pharmacy";"01";"";1;"2015-08-12 20:16:40";"2015-08-13 18:57:00";32
201;"Medical biochemistry";"02";"";1;"2015-08-12 20:16:40";"2015-08-12 20:16:40";32
202;"Agriculture in general";"00";"";1;"2015-08-12 20:16:40";"2015-08-13 19:00:58";33
203;"Agrochemistry";"01";"";1;"2015-08-12 20:16:40";"2015-08-12 20:16:40";33
204;"Plant production";"02";"";1;"2015-08-12 20:16:40";"2015-08-12 20:16:40";33
205;"Ecology and environment protection";"03";"";1;"2015-08-12 20:16:40";"2015-08-12 20:16:40";33
206;"Economics";"04";"";1;"2015-08-12 20:16:40";"2015-08-12 20:16:40";33
207;"Phytomedicine";"05";"";1;"2015-08-12 20:16:40";"2015-08-12 20:16:40";33
208;"Genetics and breeding of plants, animals and microorganisms";"06";"";1;"2015-08-12 20:16:40";"2015-08-12 20:16:40";33
209;"Animal nutrition";"07";"";1;"2015-08-12 20:16:40";"2015-08-12 20:16:40";33
210;"Landscape architecture";"08";"";1;"2015-08-12 20:16:40";"2015-08-12 20:16:40";33
211;"Hunting";"09";"";1;"2015-08-12 20:16:41";"2015-08-12 20:16:41";33
212;"Dairy";"10";"";1;"2015-08-12 20:16:41";"2015-08-12 20:16:41";33
213;"Agricultural engineering and technology";"11";"";1;"2015-08-12 20:16:41";"2015-08-12 20:16:41";33
214;"Vegetable growing";"12";"";1;"2015-08-12 20:16:41";"2015-08-12 20:16:41";33
215;"Production and processing of animal products";"13";"";1;"2015-08-12 20:16:41";"2015-08-12 20:16:41";33
216;"Fishing";"14";"";1;"2015-08-12 20:16:41";"2015-08-12 20:16:41";33
217;"Seed production";"15";"";1;"2015-08-12 20:16:41";"2015-08-12 20:16:41";33
218;"Livestock breeding";"16";"";1;"2015-08-12 20:16:41";"2015-08-12 20:16:41";33
219;"Grassland cultivation";"17";"";1;"2015-08-12 20:16:41";"2015-08-12 20:16:41";33
220;"Ornamental plants";"18";"";1;"2015-08-12 20:16:41";"2015-08-12 20:16:41";33
221;"Viticulture and enology";"19";"";1;"2015-08-12 20:16:41";"2015-08-12 20:16:41";33
222;"Fruit growing";"20";"";1;"2015-08-12 20:16:41";"2015-08-12 20:16:41";33
223;"Forestry in general";"00";"";1;"2015-08-12 20:16:41";"2015-08-13 19:02:44";34
224;"Genetics and forest trees breeding";"01";"";1;"2015-08-12 20:16:41";"2015-08-12 20:16:41";34
225;"Forest technologies and management";"02";"";1;"2015-08-12 20:16:41";"2015-08-12 20:16:41";34
226;"Urban forestry and nature protection";"03";"";1;"2015-08-12 20:16:41";"2015-08-12 20:16:41";34
227;"Forest management";"04";"";1;"2015-08-12 20:16:41";"2015-08-12 20:16:41";34
228;"Ecology and forest growing";"05";"";1;"2015-08-12 20:16:41";"2015-08-12 20:16:41";34
229;"Hunting";"06";"";1;"2015-08-12 20:16:41";"2015-08-12 20:16:41";34
230;"Forest protection";"07";"";1;"2015-08-12 20:16:41";"2015-08-12 20:16:41";34
231;"Wood technology in general";"00";"";1;"2015-08-12 20:16:42";"2015-08-13 19:03:34";35
232;"Wood materials";"01";"";1;"2015-08-12 20:16:42";"2015-08-12 20:16:42";35
233;"Wood technology processes";"02";"";1;"2015-08-12 20:16:42";"2015-08-12 20:16:42";35
234;"Construction and design of wood products";"03";"";1;"2015-08-12 20:16:42";"2015-08-12 20:16:42";35
235;"Production organization";"04";"";1;"2015-08-12 20:16:42";"2015-08-12 20:16:42";35
236;"Biotechnology in general";"00";"";1;"2015-08-12 20:16:42";"2015-08-13 19:05:14";36
237;"Bioinformatics";"01";"";1;"2015-08-12 20:16:42";"2015-08-12 20:16:42";36
238;"Biology";"02";"";1;"2015-08-12 20:16:42";"2015-08-12 20:16:42";36
239;"Engineering";"03";"";1;"2015-08-12 20:16:42";"2015-08-12 20:16:42";36
240;"Molecular biotechnology";"04";"";1;"2015-08-12 20:16:42";"2015-08-12 20:16:42";36
241;"Waste products";"05";"";1;"2015-08-12 20:16:42";"2015-08-12 20:16:42";36
242;"Food technology in general";"00";"";1;"2015-08-12 20:16:42";"2015-08-13 19:05:50";37
243;"Engineering";"01";"";1;"2015-08-12 20:16:42";"2015-08-12 20:16:42";37
244;"Food chemistry";"02";"";1;"2015-08-12 20:16:42";"2015-08-12 20:16:42";37
245;"Food microbiology";"03";"";1;"2015-08-12 20:16:42";"2015-08-12 20:16:42";37
247;"Food safety and quality";"04";"";1;"2015-08-12 20:16:42";"2015-08-12 20:16:42";37
249;"Economy in general";"00";"";1;"2015-08-12 20:16:42";"2015-08-13 19:10:58";39
250;"Entrepreneurship economics";"01";"";1;"2015-08-12 20:16:42";"2015-08-12 20:16:42";39
251;"Finance";"02";"";1;"2015-08-12 20:16:42";"2015-08-12 20:16:42";39
252;"Quantitative economy";"03";"";1;"2015-08-12 20:16:43";"2015-08-13 19:11:18";39
253;"Organization and management";"04";"";1;"2015-08-12 20:16:43";"2015-08-12 20:16:43";39
254;"International economy";"05";"";1;"2015-08-12 20:16:43";"2015-08-13 19:11:33";39
255;"General economy";"06";"";1;"2015-08-12 20:16:43";"2015-08-12 20:16:43";39
256;"Trade and tourism";"07";"";1;"2015-08-12 20:16:43";"2015-08-12 20:16:43";39
257;"Business informatics";"08";"";1;"2015-08-12 20:16:43";"2015-08-12 20:16:43";39
258;"Macroeconomy";"09";"";1;"2015-08-12 20:16:43";"2015-08-13 19:12:00";39
259;"Microeconomy";"10";"";1;"2015-08-12 20:16:43";"2015-08-13 19:12:11";39
260;"Economic mathematics and statistics";"11";"";1;"2015-08-12 20:16:43";"2015-08-12 20:16:43";39
261;"Marketing";"12";"";1;"2015-08-12 20:16:43";"2015-08-12 20:16:43";39
262;"Accounting";"13";"";1;"2015-08-12 20:16:43";"2015-08-12 20:16:43";39
263;"Law in general";"00";"";1;"2015-08-12 20:16:43";"2015-08-13 19:14:04";40
264;"Financial law";"01";"";1;"2015-08-12 20:16:43";"2015-08-12 20:16:43";40
265;"Civil law and civil procedural law";"02";"";1;"2015-08-12 20:16:43";"2015-08-12 20:16:43";40
266;"Criminal law, criminal procedural law, criminology and victimology";"03";"";1;"2015-08-12 20:16:43";"2015-08-12 20:16:43";40
267;"International law";"04";"";1;"2015-08-12 20:16:44";"2015-08-12 20:16:44";40
268;"International private law";"05";"";1;"2015-08-12 20:16:44";"2015-08-13 19:14:45";40
269;"Family law";"06";"";1;"2015-08-12 20:16:44";"2015-08-12 20:16:44";40
270;"Maritime and general transport law";"07";"";1;"2015-08-12 20:16:44";"2015-08-12 20:16:44";40
271;"History of law and state";"08";"";1;"2015-08-12 20:16:44";"2015-08-12 20:16:44";40
272;"Labour and social law";"09";"";1;"2015-08-12 20:16:44";"2015-08-12 20:16:44";40
273;"Roman law";"10";"";1;"2015-08-12 20:16:44";"2015-08-12 20:16:44";40
274;"Theory of law and state";"11";"";1;"2015-08-12 20:16:44";"2015-08-12 20:16:44";40
275;"Trade and company law";"12";"";1;"2015-08-12 20:16:44";"2015-08-12 20:16:44";40
276;"Administrative law and administration";"13";"";1;"2015-08-12 20:16:44";"2015-08-12 20:16:44";40
277;"Constitutional law";"14";"";1;"2015-08-12 20:16:44";"2015-08-12 20:16:44";40
278;"European public law";"15";"";1;"2015-08-12 20:16:44";"2015-08-12 20:16:44";40
279;"European private law";"16";"";1;"2015-08-12 20:16:44";"2015-08-12 20:16:44";40
280;"Political science in general";"00";"";1;"2015-08-12 20:16:44";"2015-08-13 19:15:40";41
281;"Political theory / history of political ideas";"01";"";1;"2015-08-12 20:16:44";"2015-08-12 20:16:44";41
282;"Croatian politics / politics of the European Union";"02";"";1;"2015-08-12 20:16:44";"2015-08-12 20:16:44";41
283;"Comparative Politics";"03";"";1;"2015-08-12 20:16:44";"2015-08-12 20:16:44";41
284;"International relations and national security";"04";"";1;"2015-08-12 20:16:44";"2015-08-12 20:16:44";41
285;"Public politics / public management";"05";"";1;"2015-08-12 20:16:45";"2015-08-12 20:16:45";41
286;"Information and communication sciences in general";"00";"";1;"2015-08-12 20:16:45";"2015-08-13 19:16:38";42
287;"Archivistics and documentaristic";"01";"";1;"2015-08-12 20:16:45";"2015-08-12 20:16:45";42
288;"Information systems and informatology";"02";"";1;"2015-08-12 20:16:45";"2015-08-12 20:16:45";42
289;"Librarianship";"03";"";1;"2015-08-12 20:16:45";"2015-08-12 20:16:45";42
290;"Communicology";"04";"";1;"2015-08-12 20:16:45";"2015-08-12 20:16:45";42
291;"Public relations";"05";"";1;"2015-08-12 20:16:45";"2015-08-12 20:16:45";42
292;"Lexicography and encyclopaedics";"06";"";1;"2015-08-12 20:16:45";"2015-08-12 20:16:45";42
293;"Museology";"07";"";1;"2015-08-12 20:16:45";"2015-08-12 20:16:45";42
294;"Mass media";"08";"";1;"2015-08-12 20:16:45";"2015-08-12 20:16:45";42
295;"Journalism";"09";"";1;"2015-08-12 20:16:45";"2015-08-12 20:16:45";42
296;"Organization and informatics";"10";"";1;"2015-08-12 20:16:45";"2015-08-12 20:16:45";42
297;"Information and software engineering";"11";"";1;"2015-08-12 20:16:45";"2015-08-12 20:16:45";42
298;"Sociology in general";"00";"";1;"2015-08-12 20:16:45";"2015-08-13 19:18:41";43
299;"Sociological theory";"01";"";1;"2015-08-12 20:16:45";"2015-08-12 20:16:45";43
300;"Sociological methodology";"02";"";1;"2015-08-12 20:16:45";"2015-08-12 20:16:45";43
301;"Special sociology";"03";"";1;"2015-08-12 20:16:45";"2015-08-12 20:16:45";43
302;"Psychology in general";"00";"";1;"2015-08-12 20:16:45";"2015-08-13 19:21:01";44
303;"General psychology";"01";"";1;"2015-08-12 20:16:45";"2015-08-12 20:16:45";44
304;"Biological psychology";"02";"";1;"2015-08-12 20:16:46";"2015-08-12 20:16:46";44
305;"Developmental psychology";"03";"";1;"2015-08-12 20:16:46";"2015-08-12 20:16:46";44
306;"Social psychology";"04";"";1;"2015-08-12 20:16:46";"2015-08-12 20:16:46";44
307;"Clinical and health psychology";"05";"";1;"2015-08-12 20:16:46";"2015-08-12 20:16:46";44
308;"Psychology of work";"06";"";1;"2015-08-12 20:16:46";"2015-08-12 20:16:46";44
309;"School and educational psychology";"07";"";1;"2015-08-12 20:16:46";"2015-08-12 20:16:46";44
310;"Other applied psychology";"08";"";1;"2015-08-12 20:16:46";"2015-08-12 20:16:46";44
311;"Pedagogy in general";"00";"";1;"2015-08-12 20:16:46";"2015-08-13 19:23:04";45
312;"General pedagogy";"01";"";1;"2015-08-12 20:16:46";"2015-08-12 20:16:46";45
313;"Didactics";"02";"";1;"2015-08-12 20:16:46";"2015-08-12 20:16:46";45
314;"General and national history of pedagogy";"03";"";1;"2015-08-12 20:16:46";"2015-08-12 20:16:46";45
315;"Pedagogy of early and pre-school education";"04";"";1;"2015-08-12 20:16:46";"2015-08-12 20:16:46";45
316;"School pedagogy";"05";"";1;"2015-08-12 20:16:46";"2015-08-12 20:16:46";45
317;"Higher education pedagogy";"06";"";1;"2015-08-12 20:16:46";"2015-08-12 20:16:46";45
318;"Andragogy";"07";"";1;"2015-08-12 20:16:46";"2015-08-12 20:16:46";45
319;"Social pedagogy";"08";"";1;"2015-08-12 20:16:46";"2015-08-12 20:16:46";45
320;"Family pedagogy";"09";"";1;"2015-08-12 20:16:46";"2015-08-12 20:16:46";45
321;"Special pedagogy";"10";"";1;"2015-08-12 20:16:46";"2015-08-12 20:16:46";45
322;"Education - rehabilitation sciences in general";"00";"";1;"2015-08-12 20:16:47";"2015-08-13 19:24:05";46
323;"Inclusive education and rehabilitation";"01";"";1;"2015-08-12 20:16:47";"2015-08-12 20:16:47";46
324;"Behavior disorders";"02";"";1;"2015-08-12 20:16:47";"2015-08-12 20:16:47";46
325;"Speech pathology in general";"00";"";1;"2015-08-12 20:16:47";"2015-08-13 19:24:59";47
326;"Communication and language disorders and specific learning difficulties";"01";"";1;"2015-08-12 20:16:47";"2015-08-12 20:16:47";47
327;"Voice - speech disorders";"02";"";1;"2015-08-12 20:16:47";"2015-08-13 19:25:14";47
328;"Hearing impairment";"03";"";1;"2015-08-12 20:16:47";"2015-08-12 20:16:47";47
329;"Swallowing and eating disorders";"04";"";1;"2015-08-12 20:16:47";"2015-08-12 20:16:47";47
330;"Kinesiology in general";"00";"";1;"2015-08-12 20:16:47";"2015-08-13 19:26:22";48
331;"Systematic kinesiology";"01";"";1;"2015-08-12 20:16:47";"2015-08-12 20:16:47";48
332;"Kinesiology of sport";"02";"";1;"2015-08-12 20:16:47";"2015-08-12 20:16:47";48
333;"Kinesiological education";"03";"";1;"2015-08-12 20:16:47";"2015-08-12 20:16:47";48
334;"Kinesiological recreation";"04";"";1;"2015-08-12 20:16:47";"2015-08-12 20:16:47";48
335;"Kinesitherapy and adapted physical activity";"05";"";1;"2015-08-12 20:16:47";"2015-08-12 20:16:47";48
336;"Kinesiological anthropology";"06";"";1;"2015-08-12 20:16:47";"2015-08-12 20:16:47";48
337;"Demography in general";"00";"";1;"2015-08-12 20:16:48";"2015-08-13 19:27:15";49
338;"General demography";"01";"";1;"2015-08-12 20:16:48";"2015-08-12 20:16:48";49
339;"Demographic methods and models";"02";"";1;"2015-08-12 20:16:48";"2015-08-12 20:16:48";49
340;"Demographic theories";"03";"";1;"2015-08-12 20:16:48";"2015-08-12 20:16:48";49
341;"Demographic history";"04";"";1;"2015-08-12 20:16:48";"2015-08-12 20:16:48";49
342;"Special demographics";"05";"";1;"2015-08-12 20:16:48";"2015-08-12 20:16:48";49
343;"Demographic statistics";"06";"";1;"2015-08-12 20:16:48";"2015-08-12 20:16:48";49
344;"Social activities in general";"00";"";1;"2015-08-12 20:16:48";"2015-08-13 19:28:07";50
345;"Social politics";"01";"";1;"2015-08-12 20:16:48";"2015-08-12 20:16:48";50
346;"Social planning";"02";"";1;"2015-08-12 20:16:48";"2015-08-12 20:16:48";50
347;"Theory of social work";"03";"";1;"2015-08-12 20:16:48";"2015-08-12 20:16:48";50
348;"Special areas of social work";"04";"";1;"2015-08-12 20:16:48";"2015-08-12 20:16:48";50
349;"Social gerontology";"05";"";1;"2015-08-12 20:16:48";"2015-08-12 20:16:48";50
350;"Security and defence sciences in general";"00";"";1;"2015-08-12 20:16:48";"2015-08-13 19:28:48";51
355;"Philosophy in general";"00";"";1;"2015-08-12 20:16:49";"2015-08-14 08:49:05";53
356;"Logic";"01";"";1;"2015-08-12 20:16:49";"2015-08-14 08:49:18";53
357;"Cognition theory";"02";"";1;"2015-08-12 20:16:49";"2015-08-12 20:16:49";53
358;"Ontology";"03";"";1;"2015-08-12 20:16:49";"2015-08-12 20:16:49";53
359;"Philosophical anthropology";"04";"";1;"2015-08-12 20:16:49";"2015-08-12 20:16:49";53
360;"Philosophy of nature";"05";"";1;"2015-08-12 20:16:49";"2015-08-12 20:16:49";53
361;"Philosophical theology";"06";"";1;"2015-08-12 20:16:49";"2015-08-12 20:16:49";53
362;"Aesthetics";"07";"";1;"2015-08-12 20:16:49";"2015-08-12 20:16:49";53
363;"Ethics";"08";"";1;"2015-08-12 20:16:49";"2015-08-12 20:16:49";53
364;"History of philosophy";"09";"";1;"2015-08-12 20:16:49";"2015-08-12 20:16:49";53
365;"Croatian philosophy";"10";"";1;"2015-08-12 20:16:49";"2015-08-12 20:16:49";53
366;"Arab philosophy";"11";"";1;"2015-08-12 20:16:50";"2015-08-12 20:16:50";53
367;"Indian philosophy";"12";"";1;"2015-08-12 20:16:50";"2015-08-12 20:16:50";53
368;"Chinese philosophy";"13";"";1;"2015-08-12 20:16:50";"2015-08-12 20:16:50";53
369;"Philosophy of other cultural circles";"14";"";1;"2015-08-12 20:16:50";"2015-08-12 20:16:50";53
370;"Philosophy of history";"15";"";1;"2015-08-12 20:16:50";"2015-08-12 20:16:50";53
371;"Philosophy of society / social philosophy";"16";"";1;"2015-08-12 20:16:50";"2015-08-12 20:16:50";53
372;"Philosophy of language";"17";"";1;"2015-08-12 20:16:50";"2015-08-12 20:16:50";53
373;"Philosophy of culture";"18";"";1;"2015-08-12 20:16:50";"2015-08-12 20:16:50";53
374;"Philosophy of upbringing";"19";"";1;"2015-08-12 20:16:50";"2015-08-12 20:16:50";53
375;"Philosophy of politics";"20";"";1;"2015-08-12 20:16:50";"2015-08-12 20:16:50";53
376;"Philosophy of law";"21";"";1;"2015-08-12 20:16:50";"2015-08-12 20:16:50";53
377;"Philosophy of religion";"22";"";1;"2015-08-12 20:16:50";"2015-08-12 20:16:50";53
378;"Philosophy of mind";"23";"";1;"2015-08-12 20:16:50";"2015-08-12 20:16:50";53
379;"Philosophy of science";"24";"";1;"2015-08-12 20:16:50";"2015-08-12 20:16:50";53
380;"Philosophical bioethics";"25";"";1;"2015-08-12 20:16:50";"2015-08-12 20:16:50";53
381;"Theology in general";"00";"";1;"2015-08-12 20:16:51";"2015-08-14 08:51:19";54
382;"Dogmatic theology";"01";"";1;"2015-08-12 20:16:51";"2015-08-12 20:16:51";54
383;"Moral theology";"02";"";1;"2015-08-12 20:16:51";"2015-08-12 20:16:51";54
384;"Pastoral theology";"03";"";1;"2015-08-12 20:16:51";"2015-08-12 20:16:51";54
385;"Exegesis";"04";"";1;"2015-08-12 20:16:51";"2015-08-12 20:16:51";54
386;"Church history";"05";"";1;"2015-08-12 20:16:51";"2015-08-12 20:16:51";54
387;"Biblical theology";"06";"";1;"2015-08-12 20:16:51";"2015-08-12 20:16:51";54
388;"Fundamental theology";"07";"";1;"2015-08-12 20:16:51";"2015-08-12 20:16:51";54
389;"Patristics and Christian literature";"08";"";1;"2015-08-12 20:16:51";"2015-08-12 20:16:51";54
390;"Liturgics";"09";"";1;"2015-08-12 20:16:51";"2015-08-12 20:16:51";54
391;"Ecumenical theology";"10";"";1;"2015-08-12 20:16:51";"2015-08-12 20:16:51";54
392;"Canon law";"11";"";1;"2015-08-12 20:16:51";"2015-08-12 20:16:51";54
393;"Religious pedagogy and catechetics";"12";"";1;"2015-08-12 20:16:51";"2015-08-12 20:16:51";54
394;"Social teaching of the Church";"13";"";1;"2015-08-12 20:16:51";"2015-08-12 20:16:51";54
395;"Philology in general";"00";"";1;"2015-08-12 20:16:51";"2015-08-14 08:52:41";55
396;"Classical philology";"01";"";1;"2015-08-12 20:16:51";"2015-08-12 20:16:51";55
397;"Croatistics";"02";"";1;"2015-08-12 20:16:51";"2015-08-12 20:16:51";55
398;"Slavic studies";"03";"";1;"2015-08-12 20:16:51";"2015-08-12 20:16:51";55
399;"Romanistics";"04";"";1;"2015-08-12 20:16:52";"2015-08-12 20:16:52";55
400;"Germanistics";"05";"";1;"2015-08-12 20:16:52";"2015-08-12 20:16:52";55
401;"Anglistics";"06";"";1;"2015-08-12 20:16:52";"2015-08-12 20:16:52";55
402;"Indology";"07";"";1;"2015-08-12 20:16:52";"2015-08-12 20:16:52";55
403;"Hebrewistics and judaica";"08";"";1;"2015-08-12 20:16:52";"2015-08-12 20:16:52";55
404;"Arabistics";"09";"";1;"2015-08-12 20:16:52";"2015-08-12 20:16:52";55
405;"Turkology";"10";"";1;"2015-08-12 20:16:52";"2015-08-12 20:16:52";55
406;"Ugrofinistics";"11";"";1;"2015-08-12 20:16:52";"2015-08-12 20:16:52";55
407;"Sinology";"12";"";1;"2015-08-12 20:16:52";"2015-08-12 20:16:52";55
408;"Japanology";"13";"";1;"2015-08-12 20:16:52";"2015-08-12 20:16:52";55
409;"The rest of oriental and other philology";"14";"";1;"2015-08-12 20:16:52";"2015-08-12 20:16:52";55
410;"Phonetics";"15";"";1;"2015-08-12 20:16:52";"2015-08-12 20:16:52";55
411;"General linguistics";"16";"";1;"2015-08-12 20:16:52";"2015-08-12 20:16:52";55
412;"Comparative and historical linguistics";"17";"";1;"2015-08-12 20:16:52";"2015-08-12 20:16:52";55
413;"Theory and history of literature";"18";"";1;"2015-08-12 20:16:52";"2015-08-12 20:16:52";55
414;"Comparative literature";"19";"";1;"2015-08-12 20:16:52";"2015-08-12 20:16:52";55
415;"Semiotics";"20";"";1;"2015-08-12 20:16:52";"2015-08-12 20:16:52";55
416;"History in general";"00";"";1;"2015-08-12 20:16:52";"2015-08-14 08:54:06";56
417;"Old history";"01";"";1;"2015-08-12 20:16:52";"2015-08-12 20:16:52";56
418;"Croatian and world medieval history";"02";"";1;"2015-08-12 20:16:52";"2015-08-12 20:16:52";56
419;"Croatian and world early modern history";"03";"";1;"2015-08-12 20:16:53";"2015-08-12 20:16:53";56
420;"Croatian and world modern and contemporary history";"04";"";1;"2015-08-12 20:16:53";"2015-08-12 20:16:53";56
421;"Auxiliary historical sciences";"05";"";1;"2015-08-12 20:16:53";"2015-08-12 20:16:53";56
422;"Theory of history and methods of historical science";"06";"";1;"2015-08-12 20:16:53";"2015-08-12 20:16:53";56
423;"History of science";"07";"";1;"2015-08-12 20:16:53";"2015-08-12 20:16:53";56
424;"History of art in general";"00";"";1;"2015-08-12 20:16:53";"2015-08-14 08:55:16";57
425;"History and theory of art, architecture, urban planning and visual communications";"01";"";1;"2015-08-12 20:16:53";"2015-08-12 20:16:53";57
426;"Protection of artistic heritage";"02";"";1;"2015-08-12 20:16:53";"2015-08-12 20:16:53";57
427;"Science of art in general";"00";"";1;"2015-08-12 20:16:53";"2015-08-14 08:56:44";58
428;"Musicology and ethnomusicology";"01";"";1;"2015-08-12 20:16:53";"2015-08-12 20:16:53";58
429;"Theory of fine arts";"02";"";1;"2015-08-12 20:16:53";"2015-08-12 20:16:53";58
430;"Theatrology and dramatology";"03";"";1;"2015-08-12 20:16:53";"2015-08-12 20:16:53";58
431;"Filmology";"04";"";1;"2015-08-12 20:16:53";"2015-08-12 20:16:53";58
432;"Theory of musical art";"05";"";1;"2015-08-12 20:16:53";"2015-08-12 20:16:53";58
433;"Science of art";"06";"";1;"2015-08-12 20:16:53";"2015-08-14 08:57:26";58
434;"Archeology in general";"00";"";1;"2015-08-12 20:16:53";"2015-08-14 08:57:57";59
435;"Prehistoric archeology";"01";"";1;"2015-08-12 20:16:54";"2015-08-12 20:16:54";59
436;"Antique archeology";"02";"";1;"2015-08-12 20:16:54";"2015-08-12 20:16:54";59
437;"Medieval archeology";"03";"";1;"2015-08-12 20:16:54";"2015-08-12 20:16:54";59
438;"Modern age archaeology";"04";"";1;"2015-08-12 20:16:54";"2015-08-12 20:16:54";59
439;"Ethnology and anthropology in general";"00";"";1;"2015-08-12 20:16:54";"2015-08-14 08:59:01";60
440;"Anthropology";"01";"";1;"2015-08-12 20:16:54";"2015-08-12 20:16:54";60
441;"Ethnology";"02";"";1;"2015-08-12 20:16:54";"2015-08-12 20:16:54";60
442;"Folkloristics";"03";"";1;"2015-08-12 20:16:54";"2015-08-12 20:16:54";60
446;"Theatre art in general";"00";"";1;"2015-08-12 20:16:54";"2015-08-14 09:01:48";63
447;"Acting";"01";"";1;"2015-08-12 20:16:54";"2015-08-12 20:16:54";63
448;"Theatre directing";"02";"";1;"2015-08-12 20:16:54";"2015-08-12 20:16:54";63
449;"Directing of musical and theatrical forms";"03";"";1;"2015-08-12 20:16:54";"2015-08-12 20:16:54";63
450;"Radiophonic directing";"04";"";1;"2015-08-12 20:16:54";"2015-08-12 20:16:54";63
451;"Puppetry";"05";"";1;"2015-08-12 20:16:55";"2015-08-12 20:16:55";63
452;"Playwriting";"06";"";1;"2015-08-12 20:16:55";"2015-08-12 20:16:55";63
453;"Performance dramaturgy";"07";"";1;"2015-08-12 20:16:55";"2015-08-12 20:16:55";63
454;"Film art in general";"00";"";1;"2015-08-12 20:16:55";"2015-08-14 09:02:30";64
455;"Directing";"01";"";1;"2015-08-12 20:16:55";"2015-08-12 20:16:55";64
456;"Recording (film and electronic)";"02";"";1;"2015-08-12 20:16:55";"2015-08-12 20:16:55";64
457;"Film photography";"03";"";1;"2015-08-12 20:16:55";"2015-08-12 20:16:55";64
458;"Montage";"04";"";1;"2015-08-12 20:16:55";"2015-08-12 20:16:55";64
459;"Film dramaturgy and script";"05";"";1;"2015-08-12 20:16:55";"2015-08-12 20:16:55";64
460;"Acting";"06";"";1;"2015-08-12 20:16:55";"2015-08-14 09:02:51";64
461;"Animated film (directing)";"07";"";1;"2015-08-12 20:16:55";"2015-08-12 20:16:55";64
462;"Music art in general";"00";"";1;"2015-08-12 20:16:55";"2015-08-14 09:03:26";65
463;"Composition";"01";"";1;"2015-08-12 20:16:55";"2015-08-12 20:16:55";65
464;"Music playback (conducting, singing, playing)";"02";"";1;"2015-08-12 20:16:55";"2015-08-12 20:16:55";65
465;"Music pedagogy";"03";"";1;"2015-08-12 20:16:55";"2015-08-12 20:16:55";65
466;"Fine arts in general";"00";"";1;"2015-08-12 20:16:55";"2015-08-14 09:03:56";66
467;"Graphics";"01";"";1;"2015-08-12 20:16:55";"2015-08-12 20:16:55";66
468;"Sculpting";"02";"";1;"2015-08-12 20:16:55";"2015-08-12 20:16:55";66
469;"Painting";"03";"";1;"2015-08-12 20:16:55";"2015-08-12 20:16:55";66
470;"Animated film and new media";"04";"";1;"2015-08-12 20:16:56";"2015-08-12 20:16:56";66
471;"Fine art technology";"05";"";1;"2015-08-12 20:16:56";"2015-08-12 20:16:56";66
472;"Fine art pedagogy";"06";"";1;"2015-08-12 20:16:56";"2015-08-12 20:16:56";66
473;"Architecture (artistic part)";"07";"";1;"2015-08-12 20:16:56";"2015-08-12 20:16:56";66
474;"Landscape architecture (artistic part - landscape design)";"08";"";1;"2015-08-12 20:16:56";"2015-08-12 20:16:56";66
475;"Applied art in general";"00";"";1;"2015-08-12 20:16:56";"2015-08-14 09:04:56";67
476;"Costume design";"01";"";1;"2015-08-12 20:16:56";"2015-08-12 20:16:56";67
477;"Scenography";"02";"";1;"2015-08-12 20:16:56";"2015-08-12 20:16:56";67
478;"Photography";"03";"";1;"2015-08-12 20:16:56";"2015-08-12 20:16:56";67
479;"Lighting design";"04";"";1;"2015-08-12 20:16:56";"2015-08-12 20:16:56";67
480;"Sound design";"05";"";1;"2015-08-12 20:16:56";"2015-08-12 20:16:56";67
481;"Film and media production";"06";"";1;"2015-08-12 20:16:56";"2015-08-12 20:16:56";67
482;"Production of stage and performing arts";"07";"";1;"2015-08-12 20:16:56";"2015-08-12 20:16:56";67
483;"Conservation and restoration";"08";"";1;"2015-08-12 20:16:56";"2015-08-14 09:05:17";67
484;"Art of dance and movement in general";"00";"";1;"2015-08-12 20:16:56";"2015-08-14 09:05:50";68
485;"Classical ballet";"01";"";1;"2015-08-12 20:16:57";"2015-08-12 20:16:57";68
486;"Contemporary ballet";"02";"";1;"2015-08-12 20:16:57";"2015-08-12 20:16:57";68
487;"Choreography";"03";"";1;"2015-08-12 20:16:57";"2015-08-12 20:16:57";68
488;"Pantomime";"04";"";1;"2015-08-12 20:16:57";"2015-08-12 20:16:57";68
489;"Dramatic movement";"05";"";1;"2015-08-12 20:16:57";"2015-08-12 20:16:57";68
490;"Design in general";"00";"";1;"2015-08-12 20:16:57";"2015-08-14 09:06:28";69
491;"Visual communications design";"01";"";1;"2015-08-12 20:16:57";"2015-08-12 20:16:57";69
492;"Industrial and product design";"02";"";1;"2015-08-12 20:16:57";"2015-08-12 20:16:57";69
493;"Fashion design";"03";"";1;"2015-08-12 20:16:57";"2015-08-12 20:16:57";69
494;"Interaction design";"04";"";1;"2015-08-12 20:16:57";"2015-08-12 20:16:57";69
496;"Nutrition science in general";"00";"";1;"2015-08-12 20:16:57";"2015-08-13 19:06:59";88
497;"Nutrition science";"01";"";1;"2015-08-12 20:16:57";"2015-08-12 20:16:57";88
498;"Diet therapy";"02";"";1;"2015-08-12 20:16:57";"2015-08-12 20:16:57";88
499;"Chemistry and biochemistry of food";"03";"";1;"2015-08-12 20:16:57";"2015-08-12 20:16:57";88
500;"Medical biochemistry";"09";"";1;"2015-08-12 20:16:58";"2015-08-12 20:16:58";27
501;"Conservation and restoration";"09";"";1;"2015-08-12 20:16:58";"2015-08-14 09:04:34";66
504;"Construction of vessel and offshore facilities";"01";"";1;"2015-08-13 18:19:31";"2015-08-13 18:20:16";12
505;"Writer";"01";"";1;"2015-08-14 09:08:38";"2015-08-14 09:08:38";89
506;"Literary translator";"02";"";1;"2015-08-14 09:09:42";"2015-08-14 09:09:42";89
507;"Literature in general";"00";"";1;"2015-08-14 09:11:38";"2015-08-14 09:11:38";89
